{
  "model_config": {
    "embedding_dim": 32,
    "dropout_prob": 0.1,
    "skip_connections": true,
    "aggregation_fn": 5,
    "num_mp_layers": 2
  },
  "hyperparameters": {
    "learning_rate": 0.0005,
    "num_epochs": 20,
    "early_stopping_patience": 10
  },
  "training_results": {
    "best_val_loss": 2.471568080315315,
    "best_epoch": 17,
    "train_loss": 2.7876545321215347,
    "val_loss": 2.487867978303354,
    "test_results": {
      "test_20": 2.8677859887562893,
      "test_50": 11.581487006522769,
      "test_100": 37.11024175109973
    }
  },
  "model_class": "nge"
}